Sensor	R1	R2
mutant0	-0.9950234403162213	-1.0131204491275319
mutant1	-1.1038496373242106	-1.142066997474421
mutant10	0.10386695209817062	0.10167495243251307
mutant100	-1.146617500619368	
mutant1000	-1.2960171298911844	-1.1507804690428247
mutant1001	0.4289343541390018	0.3816861097553844
mutant1002	0.6969115398392598	0.8090134416618631
mutant1003	0.4552069612362079	0.41421849815187206
mutant1004	-1.5	-1.430906618165686
mutant1005	-0.6969468574747935	-0.7607804349591754
mutant1006	-0.9524458489962546	-0.9506228022638852
mutant1007	0.36656893472383306	0.36256929259673754
mutant1008	-1.234414990694066	-1.1998255201742833
mutant1009	-0.7921253501974342	-0.7952394742340978
mutant101	-0.7500152409285014	-0.6721184377407341
mutant1010	0.26577819584623785	0.13939863478274722
mutant1011	-0.662061498870393	-0.6707742488488406
mutant1012	-0.6112506790635617	-0.5974989614518065
mutant1013	-1.2966101694915255	-1.2525170515673727
mutant1014	0.2033629370028593	0.17881803691338152
mutant1015	-0.7833334872116776	-0.7662974402004559
mutant1016	-0.920985880024474	-0.9151196461820388
mutant1017	0.24999407606591528	0.22586501132558273
mutant1018	-1.3316234060471857	-1.348660419325859
mutant1019	-1.1645239143026984	-1.1196809674580093
mutant102	0.46933975580099374	0.45001822933064484
mutant1020	0.23222520403037072	0.206011042115769
mutant1021	0.0020646503352020956	0.07347109429427809
mutant1022	-0.40247746414063795	-0.40447123906133986
mutant1023	-1.0751480605916772	-1.0758649007407461
mutant1024	0.89393516683951	0.8999999999999999
mutant1025	-0.971798029326095	-0.9071661837006871
mutant1026	0.20950538699496807	0.12497890024666529
mutant1027	-0.52474022777457	-0.5399841352549725
mutant1028	0.6556941784156094	0.6765147515631429
mutant1029	-0.7807892001849159	
mutant103	-0.8986081188054464	-0.8898305084745763
mutant1030	-1.2481915558669958	-1.1971117039789498
mutant1031	-0.21870074733895706	-0.16089308940614588
mutant1032	0.7830320165502398	0.7354298885205858
mutant1033	-1.4692364073358477	-1.383026354545421
mutant1034	0.6559322033898303	0.6200185267195895
mutant1035	0.34952240632264897	0.47879088503357625
mutant1036	0.41504210194474783	0.4897847299412582
mutant1037	0.587571009832165	0.6277831811065737
mutant1038	-0.40809453259675615	-0.43388785486881515
mutant1039	-1.394836016022845	-1.3654002577502675
mutant104	-0.9475773181306124	-0.9658234594359465
mutant1040	0.44767642189368706	0.4240287692044053
mutant1041	-0.653375358260972	-0.6567507437152379
mutant1042	0.546742453449651	0.5420515323155806
mutant1043	-0.012089231077667628	0.02781508194772838
mutant1044	-1.4169182626442904	-1.3234480297300775
mutant1045	0.47012543277128743	0.4637533879259181
mutant1046	-0.23999169837487377	-0.2725953054075179
mutant1047	-1.4106145063276694	-1.4360316757927643
mutant1048	-0.5168365694817747	-0.56779504452881
mutant1049	-1.4784181639552112	-1.431426440220767
mutant105	0.7372881355932202	0.7711051883744566
mutant1050	0.784272434161057	0.8298995663051639
mutant1051	0.4989154549805745	0.4525423728813558
mutant1052	-0.5982568770342378	-0.5779547548766164
mutant1053	-1.0630813673668853	-1.0746060447897268
mutant1054	-0.2521237779163609	-0.10476591744901309
mutant1055	-0.3863619542455203	-0.46002136805343685
mutant1056	-1.3694707332827205	-1.4022024552602517
mutant1057	0.48860770879607496	0.48707769258051986
mutant1058	0.6421956135219844	0.6526807695999743
mutant1059	-0.24201443594586308	-0.078112766204699
mutant106	-0.27481384324400043	-0.3106013598752597
mutant1060	-1.3038047482440935	-1.2743222430066856
mutant1061	-0.28525153292637123	-0.16538067504095724
mutant1062	-0.49855851098625487	-0.5609301680972949
mutant1063	0.20224776434736608	0.14316382320303664
mutant1064	0.868317710738629	0.8830329147353768
mutant1065	-0.5931728522994213	-0.5934628707470714
mutant1066	-0.6864406779661018	-0.6864406779661018
mutant1067	0.7513666407454538	0.7622497311702585
mutant1068	-0.5615008025711377	-0.4390432624493138
mutant1069	-0.8084745762711865	-0.8084745762711865
mutant107	-1.0228673461944748	-1.0305110273720997
mutant1070	0.56996696062288	0.5811793881369827
mutant1071	-0.6848835835430622	-0.5861434821882529
mutant1072	-1.2297362353888	-1.2099844830924353
mutant1073	-1.4375460392329837	-1.3987877792926309
mutant1074	-1.382532479071953	-1.3772818849865565
mutant1075	0.6966101694915254	0.6859719140760259
mutant1076	0.3936036830571923	0.36095651121515987
mutant1077	-0.9130015352544818	-0.9171722047925486
mutant1078	-0.1646180915790852	-0.19120977120902874
mutant1079	0.8571114532928914	0.8382823625062883
mutant108	-0.7284930459444268	-0.7731248769193496
mutant1080	0.1899744158414633	0.2099566047124899
mutant1081	0.04997177918098526	0.09089202715990748
mutant1082	-0.5055495705899145	-0.33703925289997916
mutant1083	-1.3732731053860565	-1.3790531729769548
mutant1084	-0.7108830219811122	-0.7116183230986719
mutant1085	0.7396772838305486	0.8526451811555307
mutant1086	-0.14134252494789248	-0.242294837318753
mutant1087	0.11554107786989534	0.26079981723408174
mutant1088	-1.5	-1.5
mutant1089	-0.3756904082235538	-0.36101694915254257
mutant109	-0.07398051277293179	-0.03273368936344295
mutant1090	-0.1876252642154118	-0.17815405876711982
mutant1091	-1.1022830199418696	-1.094240718885374
mutant1092	-1.2090042794234193	-1.0356840977137127
mutant1093		0.5949783312655086
mutant1094	-0.3465933927535813	-0.3529047589043253
mutant1095	-0.3250509811947613	-0.13568771332698426
mutant1096	-0.8266025441257582	-0.8046744083956276
mutant1097	-0.8938818938687052	-0.8572329600620403
mutant1098	-0.6700162391140629	-0.6478188246988543
mutant1099	0.8760521160090866	0.69792164014297
mutant11	-0.41451608880275975	-0.3983549038997215
mutant110	-1.1439077771778563	-1.1362240006509974
mutant1100	-0.7036907866901079	-0.555581399430827
mutant1101	-1.1971822834968275	-1.1978084018760025
mutant1102	-0.2837821409866017	-0.3035949499466488
mutant1103	0.20596333588347893	0.1873024385451878
mutant1104	-0.8635817093299825	-0.8588832449953
mutant1105	-0.874225817253127	-0.9536217810071415
mutant1106	-1.470843271468766	-1.5
mutant1107	-0.2983269274021088	-0.38652990997131714
mutant1108	-1.4547241017222399	-1.5
mutant1109	-1.1479601974071822	-1.220977527865846
mutant111	-0.7477963647427113	-0.7875504808864361
mutant1110	-0.5179748936820971	-0.5359724779740761
mutant1111	-1.174260444974428	-1.247898055916456
mutant1112	-0.312839903127598	
mutant1113	-1.1044898373402632	-1.0669069785872587
mutant1114	-0.9705807745522868	-0.9526296075590959
mutant1115	-0.6595036308526206	-0.7021913081072391
mutant1116	0.22779489331535624	0.24644636333478917
mutant1117	0.2901888199067236	0.2592251351809033
mutant1118	-0.374512439574066	-0.3240638180861348
mutant1119	-1.3306989998396144	-1.1612522696720213
mutant112	-0.5500284830273721	-0.49566743628121906
mutant1120	0.48866310757008935	0.49203997691603074
mutant1121	-1.4137853612142957	-1.4359102165151854
mutant1122	-0.1982143140915709	-0.18727133094951948
mutant1123	-1.1446950161378635	-1.0974203358723256
mutant1124	-1.1478311493024413	-0.914931591942073
mutant1125	-0.6237163462813355	-0.6459365897811948
mutant1126	0.4525423728813558	0.44141401895199367
mutant1127	-0.9843759770825885	-0.890421700835424
mutant1128	0.7675271815983088	0.7831579453820106
mutant1129	-1.3698913466689286	-1.4245714804939587
mutant113	0.20002154104308964	0.2923532008215799
mutant1130	-0.7326887935971057	-0.5764870746358984
mutant1131	-0.3900584682839384	-0.44141774936138045
mutant1132	-0.5479325569921027	-0.4359803731612075
mutant1133	-1.4641422438493463	-1.4983778984751552
mutant1134	-0.8780070425985431	-0.9839361409319098
mutant1135	-0.18338045280696333	-0.269127985955167
mutant1136	-0.2950332557047276	-0.19307555895142473
mutant1137	-0.30876128242844364	-0.33805895237698635
mutant1138		-0.42502463912101185
mutant1139	-0.6645695606175516	-0.5999855868324582
mutant114	-0.5535454988955233	-0.49333220938931366
mutant1140	-0.07801374720409493	-0.10566701512587687
mutant1141	-0.16250301035301803	-0.009977216180031032
mutant1142	-1.0828115163236731	-1.1042630883110194
mutant1143	-0.9145295827940573	-0.8874958081658023
mutant1144	0.42740109452892006	0.3979805855472623
mutant1145	-0.3558725672933322	-0.3617062281746124
mutant1146	0.7544112004908292	0.7125387576988161
mutant1147	0.2835442787251977	0.27397640850836136
mutant1148	-0.09617895342801737	-0.10002715455858321
mutant1149	-0.9871427248614397	-0.9711864406779661
mutant115	-0.1783401479336472	-0.15762711864406787
mutant1150	-0.11911491422276738	-0.12456615871112588
mutant1151	-0.09474540333998824	-0.1073610862932706
mutant1152	-1.434497744046323	-1.4645529465007714
mutant1153	0.4809416089037827	0.5219560238833718
mutant1154	-0.95587554075216	-0.9209977202117448
mutant1155	0.033826748493470754	-0.021730885957527847
mutant1156	-0.588090731893715	-0.5900256784475948
mutant1157	-1.142160914869685	-1.172210234946718
mutant1158	0.05349707093202047	0.02750270838015967
mutant1159	0.6319078353836542	0.6314737367191303
mutant116	-0.45662275756476467	-0.4662815352392041
mutant1160	0.12998487847121926	0.15494241275530501
mutant1161	0.6650253797152331	0.7383875852676206
mutant1162	-1.2283581095742444	-1.1219067456092884
mutant1163	-0.20784479832264446	-0.20621142654042496
mutant1164	0.07825441256097415	0.142355728400381
mutant1165	0.0969012755166591	0.09027819769251735
mutant1166	-0.5937787697114982	-0.49246974656652465
mutant1167	-0.7762870133032189	-0.7862345861074956
mutant1168	0.3083470367439288	
mutant1169	-1.5	-1.3815568485257437
mutant117	-0.9972042407578251	-1.0482344603346736
mutant1170	0.10632990639215636	0.1499919781010402
mutant1171	0.8999999999999999	0.7422251645595104
mutant1172	0.8593220338983047	0.8316597462602958
mutant1173	0.2935280151018189	0.35001363840542377
mutant1174	0.8999999999999999	0.8417466998928285
mutant1175	-1.0265199903812334	-1.010573937698807
mutant1176	0.06865698624874109	0.09925712859258039
mutant1177	-0.12338038371581769	-0.14725475154424958
mutant1178	-0.9532427521988038	-1.136305386194175
mutant1179	-0.07476472431119824	-0.07731558824180139
mutant118	0.5646843041763886	0.5165926431420897
mutant1180	0.5806556570252992	0.42213246740682625
mutant1181	-0.22863354902518432	-0.20349171742012628
mutant1182	-0.20003749017380057	-0.18753116054852542
mutant1183	0.676887294171182	0.5632680230442967
mutant1184	0.5011332329512134	0.4065514257128694
mutant1185	-0.03676375435063879	0.0749918300501617
mutant1186	-0.7313748940511753	-0.7566122589299555
mutant1187	-0.49287931245408556	-0.5907219157730668
mutant1188	-0.16110605722538318	-0.07862740316379224
mutant1189	-1.2950141315197263	-1.2328714897367479
mutant119	-0.2811565027775942	-0.24262404386689404
mutant1190	-0.21476418289699065	-0.214630341064185
mutant1191	-0.5254373204317189	-0.49743059472818113
mutant1192	-0.4966962700714602	-0.5285995326327517
mutant1193	-0.549989563122784	-0.5352087660508819
mutant1194	-0.9967791193262918	-0.9591894708867917
mutant1195	-0.2389018284451021	-0.18042525051063613
mutant1196	-0.9586872804561921	-0.9714952698216377
mutant1197	-0.6027836448454148	-0.6520277673339373
mutant1198	-0.20000093814573797	-0.27419795202777575
mutant1199	-0.6243353982603077	-0.6117844573866673
mutant12	0.185105661955711	0.18358637209638556
mutant120	0.7192124026081246	0.7026508786227845
mutant1200	-1.1786055693741104	-1.1715784592681415
mutant1201	0.7448060490347835	0.7777440308948587
mutant1202	0.21351247540742532	0.26218148294444166
mutant1203	-1.240630252818626	-1.1574248429540983
mutant1204	-1.2642512676801143	-1.2769932559514912
mutant1205	-0.3998668658360839	-0.3716654514305685
mutant1206	-1.3382494244489231	-1.310046489021716
mutant1207	0.14999720269127897	0.11663434489017442
mutant1208	-0.8777487279908537	-0.8058563700931891
mutant1209	0.10137995922055665	0.04144757579963089
mutant121	-0.38537968480077234	-0.44188350168289625
mutant1210	-1.417601238991085	-1.4609618000631917
mutant1211	0.28198284381118277	0.2856914187480061
mutant1212	0.529727198789264	0.5564883830883589
mutant1213	0.7592957051008891	0.7389824629412032
mutant1214	-0.7677769327342607	-0.737259713677187
mutant1215	-1.3690315799199437	-1.3540661217282086
mutant1216	-1.168658128544737	-1.2208724609768558
mutant1217	-1.0932443503365166	-1.0645926934724534
mutant1218	-0.9209946196722358	-0.9227123629822593
mutant1219	-0.2931545645586754	-0.29109070689270367
mutant122	-0.7864066625702637	-0.7898813558034108
mutant1220	0.16293296361047965	0.16006422881331098
mutant1221	0.42587281528578497	0.4393500169665603
mutant1222	-0.23938376979020087	-0.3089483616851565
mutant1223	-0.11381164171193764	-0.15621252474424077
mutant1224	-0.2591069828032663	-0.22642606665429324
mutant1225	-1.3210945631838147	-1.3209533659221697
mutant1226	-0.6264000476962936	-0.5785411054005014
mutant1227	-0.23036347748098998	-0.16924055704399235
mutant1228	0.06357704838760486	-0.06356438271823885
mutant1229	-1.0686669455523494	-1.2026330589735879
mutant123	0.07103201514964155	0.13667875625977388
mutant1230	-0.8234517371527066	-0.8540249840307392
mutant1231	-0.2554029915690128	-0.3699946906340406
mutant1232	0.3758280508796146	0.5079916738601109
mutant1233	-0.6796151850950968	-0.666078899179242
mutant1234	-0.6457330486913653	-0.6095197297818344
mutant1235	-1.4190606836328206	-1.3771154389789908
mutant1236	0.879104913007468	0.8091714299011878
mutant1237	-0.24163196359417946	-0.11812934964895239
mutant1238	-0.4800760113492019	-0.4716756693523769
mutant1239	-0.8898880287220603	-0.8837767120867381
mutant124	-0.3403277731098626	-0.3143554880122019
mutant1240	-0.22345116501061352	-0.193871201094436
mutant1241	0.46317038964308593	0.3595579379348479
mutant1242	-0.6928858331050252	-0.8643135710227255
mutant1243	-1.308560910275892	-1.3663205917807149
mutant1244	-0.26111567334124913	-0.21347178638434833
mutant1245	-0.8408331894082948	-0.8285753468247621
mutant1246	-0.11471493187703571	
mutant1247	0.1657178814184705	0.11030483439135795
mutant1248	-0.9577189239687405	-0.9379239861907952
mutant1249	-0.5595611970218536	-0.6310773171474667
mutant125	-0.1733560966336977	-0.17210906271203116
mutant1250	-1.1482126886044677	-1.0932203389830508
mutant1251	0.3502277983842712	0.3622822142696305
mutant1252	0.49125069972973223	0.7330870604374762
mutant1253	-0.632595822826812	-0.5772380000602846
mutant1254	0.43368213136962286	0.36832063848544905
mutant1255	0.28983050847457603	0.2983529940953382
mutant1256	-0.25774475210591374	-0.3194297088982267
mutant1257	0.18714692935151478	0.17776087642880137
mutant1258	0.06199195616614753	0.1058868224075749
mutant1259	-0.22997196850023777	-0.20995438582705056
mutant126	0.5158810735224306	0.5439060161348531
mutant1260	0.23096628013451448	0.2026917761887766
mutant1261	-0.5406512617175223	-0.7178448062439107
mutant1262	0.8425800966480164	0.8251375076829726
mutant1263	-0.5653550686510768	-0.5634034849017073
mutant1264	-0.32744787435782596	-0.3009027442800338
mutant1265	-0.8203885166397269	-0.8038309390713709
mutant1266	0.45815061109140476	0.371888685389422
mutant1267	-0.45216290644590584	-0.5390102170466595
mutant1268	0.1481906206523509	0.2021505495851956
mutant1269	-0.3441096523271776	-0.32776999426123354
mutant127	-0.6630341138529565	-0.711663747988488
mutant1270	0.8402392161698663	0.8948002052726223
mutant1271	-1.4374200727790585	-1.4804869903775395
mutant1272	0.20133505817704905	0.2097317288026802
mutant1273	-0.5116826718849573	-0.5759247203524175
mutant1274	0.42995773201906384	0.40834974914201017
mutant1275	-0.46239086994791007	-0.523961206342731
mutant1276	0.4697425664117021	0.39181636596300745
mutant1277	-0.34512843095991574	-0.4179263447612329
mutant1278	-1.5	-1.5
mutant1279	0.5345657749042699	0.5036914685030323
mutant128	0.3555688722393061	0.2520742861176597
mutant1280	-1.5	-1.4758687942579853
mutant1281	0.5338983050847457	0.5273047664918397
mutant1282	0.602221581270232	0.6112197233623166
mutant1283	0.7594288294757778	0.8999999999999999
mutant1284	-0.20270375223741502	-0.13384691506526178
mutant1285	0.6666104283961958	0.7464324279469254
mutant1286	-1.1791585974878087	-1.1381261465575938
mutant1287	0.13691672085539291	0.13325966618563
mutant1288	-1.2999627758101804	-1.3372881355932202
mutant1289	-1.2115254333071217	-1.214149311899061
mutant129	0.6959906316749248	0.6809079013372721
mutant1290	-0.8648165114321991	-0.8140126844175316
mutant1291	0.3345893020825892	0.3968194838257899
mutant1292	-0.6761130390789873	-0.5986785595662474
mutant1293	-0.1554484041790034	-0.20306781373188945
mutant1294	-0.09581975597741174	-0.07091406243050621
mutant1295	0.25914644390344627	0.26438598835154603
mutant1296	0.44718552602908446	0.5745762711864404
mutant1297	0.557071890459108	0.49423643009639084
mutant1298	-0.24540550149732127	-0.22808196897569466
mutant1299	-0.2294579016142771	-0.215834616693227
mutant13	0.013033320778294657	0.17974378566485885
mutant130	-0.28029697946223775	-0.18879763364545252
mutant1300	-0.7403078209524241	-0.814139475757685
mutant1301	-1.107398647900769	-1.093544729553946
mutant1302	0.30458699068152617	0.2874968336826486
mutant1303	0.4455085602147799	0.48022068039183274
mutant1304	0.2694353566044257	0.2500067210717642
mutant1305	-1.3436723515271871	-1.4402258364600122
mutant1306	-0.9915436973349241	-0.9488824057936863
mutant1307	0.8843865233659745	0.7745103920878549
mutant1308	-0.022365638582023662	0.090809580610244
mutant1309	-1.3159428541914346	-1.3094337351738141
mutant131	-0.06669692809716497	-0.07783365374430994
mutant1310	-0.9620939995509595	-0.9927170719088692
mutant1311	0.19547658210657043	0.186659275977765
mutant1312	-0.8760246236857618	-0.8898305084745763
mutant1313	-0.9360689217102172	-0.9566884589055551
mutant1314	-0.9716956094248022	-0.9260319063807594
mutant1315	-1.3859807284731465	-1.458629460824886
mutant1316	0.6947275647089671	0.6440508736444539
mutant1317	0.6311250895281371	0.5086672199679247
mutant1318	-1.417448925005369	-1.3670859740038503
mutant1319	-0.2885623379610479	-0.2107359261748284
mutant132	0.2617090361957489	0.2341192437071007
mutant1320	-0.6195770696657219	-0.6426814504808402
mutant1321	0.44999498675430294	0.41004944494986717
mutant1322	-0.2605867367826011	-0.261577542057555
mutant1323	-1.112543995524021	-1.1619684494977909
mutant1324	-0.988631592389245	-0.9576267344955548
mutant1325	-0.44086444537204356	-0.4755836701785264
mutant1326	0.8999999999999999	0.8999999999999999
mutant1327	-0.6877486478568565	-0.6944252212973021
mutant1328	-0.7926424015232507	-0.9052731608530802
mutant1329	-0.9630028875074104	-1.0564155201581134
mutant133	-0.10275566226410618	-0.08911352380620015
mutant1330	0.7061659871041779	0.6690115540141338
mutant1331	-1.1460442049791544	-1.1919579559038884
mutant1332	-0.4203786229942683	-0.31100367469151324
mutant1333	-0.8372046620143874	-0.8187517783212421
mutant1334	-1.3370420255132134	-1.3389618648512684
mutant1335	0.2291854394929436	0.2988430656482909
mutant1336	0.8480749993398785	0.8712281492119655
mutant1337	-0.17428097799022108	-0.19226114628346347
mutant1338	0.21673711515577104	0.16779661016949143
mutant1339	-1.4749006524682042	-1.3775575801916418
mutant134	-0.05601488338097135	0.04329426000433946
mutant1340	0.8178597180917859	0.7274212630720512
mutant1341	-0.5298212515869131	-0.53849648055933
mutant1342	-0.3000426483731894	-0.369195559525029
mutant1343	-0.5092973779612466	-0.5089693068830591
mutant1344	-0.4754469593911198	-0.43184071077916175
mutant1345	-0.20715059291511642	-0.27065211370783415
mutant1346	-0.453702974118496	-0.3589583031396921
mutant1347	-0.549937291858522	-0.39214830100867215
mutant1348	-0.20503591113880063	-0.14128538939299184
mutant1349	-0.24670161108829478	-0.22590308424673589
mutant135	-0.42091679274326677	-0.5247311142180114
mutant1350	0.19399512426829646	0.13741746107998642
mutant1351	-0.4379605252526112	-0.3981411386612731
mutant1352	-0.23425740980984355	-0.18806443447392662
mutant1353	0.7892421298782881	0.8653731629485264
mutant1354	-1.2685556931489788	-1.37126033037423
mutant1355	-0.9857496590028809	-1.0617780767812541
mutant1356	-0.9442852546206036	-0.8781204851528042
mutant1357	0.4921154504661499	0.4907666016150882
mutant1358	-0.4840350486573419	-0.5012749698272856
mutant1359	-1.459322033898305	-1.4944873021915557
mutant136	0.30596624329637184	0.3669756966287664
mutant1360	0.223125934468607	0.2989657663142213
mutant1361	-0.15389665734218896	-0.13374682860939116
mutant1362	0.8097454026235897	0.6176942609134131
mutant1363	-0.2706570120920476	-0.27786136347996565
mutant1364	0.23789105005954445	0.2361230324306771
mutant1365	-0.22074329008985516	-0.27527651146152293
mutant1366	-0.9960969949311632	-0.9617275923701296
mutant1367	-0.6305227483230593	-0.5071656983704182
mutant1368	0.06699145251651617	0.10455094140954299
mutant1369	0.2642181280588635	0.2822776025945421
mutant137	-0.7465419001169012	-0.7262103629845047
mutant1370	-1.368511451206317	-1.3712825260497632
mutant1371	-1.2257612785863643	-1.3307239719935524
mutant1372	-1.2030647751989725	-1.2559322033898306
mutant1373	-0.3420350578829253	-0.3355449049066947
mutant1374	-1.1848484088188824	-1.2992191648087466
mutant1375	0.2182960171338273	0.2346034445711658
mutant1376	-1.4579204401670718	-1.5
mutant1377	0.4183290930660932	0.5136761553742385
mutant1378	-0.6357002492945052	-0.624985442736529
mutant1379	-1.337851126300857	-1.1836562235837214
mutant138	0.07692036533292504	0.09742431591595752
mutant1380	-0.039268449223332585	-0.0313535339264602
mutant1381	-0.2172999898854055	-0.19015193440412212
mutant1382	0.7089554711509686	0.714714488893086
mutant1383	0.7328060321892169	0.6530904011693047
mutant1384	-0.20067246369282282	-0.2732198294105107
mutant1385	0.5419013246668405	0.5186734778786961
mutant1386	0.3558713051514995	0.29364298558879753
mutant1387	-0.6664518428058362	-0.6718448528804274
mutant1388	-0.05905633001637309	-0.06993935552352167
mutant1389	-1.5	-1.5
mutant139	0.6607802342244816	0.6512416204476827
mutant1390	0.5625204951798322	0.5861637546737448
mutant1391	0.29302634542121725	0.25817227895175565
mutant1392	-0.8999751242329168	-0.8067060816674614
mutant1393	0.7210232274459007	0.6885363395387112
mutant1394	0.11665850310782466	0.1866809071049608
mutant1395	-1.1298625396153474	-1.2713402198500319
mutant1396	0.5839388372950673	0.576105761047174
mutant1397	-0.30601913355418786	-0.29478908032178874
mutant1398	-0.12470840277248299	-0.19095358308925492
mutant1399	-0.5303007701158795	-0.3878838809045326
mutant14	-0.8382325864593057	-0.8333727227174677
mutant140	-0.536602169067452	-0.5129081659607198
mutant1400	-0.9658124607762222	-0.9725837176567629
mutant1401	-0.510785422478067	-0.48337892445037145
mutant1402	-0.04842093222716172	-0.0802559735547555
mutant1403		0.4188022238361701
mutant1404	-0.22203947368421062	-0.30200794144702076
mutant1405	-0.6459117042128681	-0.6546881164220089
mutant1406	-0.8661071471753532	-0.8144981444674303
mutant1407	-0.8047380804839716	-0.7849175970950838
mutant1408	-0.26583822296050036	-0.23307728045865117
mutant1409	0.012375173882434275	0.02236225012101634
mutant141	0.40235717996562803	0.48332839488596396
mutant1410	-1.1565507659173904	-1.228588933714322
mutant1411	0.7002710677158872	0.8015979524446946
mutant1412	0.21532452767028665	0.23849812900892622
mutant1413	0.5587124141506654	0.5992372698349246
mutant1414	0.26054965900747407	0.19250367446802552
mutant1415	0.32196303223995043	0.33774368314372744
mutant1416	-1.3298598144350477	-1.3693115735000099
mutant1417	0.8418414989691886	0.8050625576342356
mutant1418	-0.8040308330855087	-0.7745634648870481
mutant1419	-1.196789548577447	-1.223272173675022
mutant142	-0.5935772706782689	-0.6143714387724666
mutant1420	-0.6717571076604928	-0.58120885467843
mutant1421	-0.8906315519324334	-0.9780086057336608
mutant1422	0.8593220338983047	0.8430158202818724
mutant1423	-0.16900980932932122	-0.1564362832159414
mutant1424	0.2395430578134564	0.2173517181951627
mutant1425	-0.5708851834464403	-0.5947599688897791
mutant1426	0.11497847139149113	0.09453087954536844
mutant1427	-0.6232947014228096	-0.5250380010500331
mutant1428	-0.5868105831448184	-0.5903102100187126
mutant1429	-1.0724735591041026	-0.9858503456662505
mutant143	0.21660227323733158	0.1803494585187811
mutant1430	-0.42501804853293224	-0.39670830504012944
mutant1431	-1.4492316189687702	-1.3968133141784191
mutant1432	-0.512054039798677	-0.48332032533154184
mutant1433	-1.1854441677815726	-1.169006706827847
mutant1434	0.3109755030264591	0.2803211260783047
mutant1435	-0.1500018652203172	-0.2617945104004129
mutant1436	-1.4426098948009891	-1.5
mutant1437	-0.7274170374557816	-0.7985848587700535
mutant1438	-0.03668196488671202	-0.001194147541628874
mutant1439	-1.4953855280647987	-1.4668337099254132
mutant144	-0.5323877123488409	-0.4616442312076565
mutant1440	0.5864096819668534	0.5905004995009606
mutant1441	0.8575360121217093	0.6918856690896334
mutant1442	-1.229334297579419	-1.0991741646704614
mutant1443	0.15588794359055003	0.11054618212547591
mutant1444	0.533712568343617	0.5561342147307617
mutant1445	-0.862181262162171	-0.8366598485364332
mutant1446	0.8024074213092799	0.891159137422219
mutant1447	-0.6470865164309936	-0.6957164449487984
mutant1448	0.4366609327691167	0.5421241451133239
mutant1449	0.02999468703582709	0.045355409641725894
mutant145	0.2693799147794122	0.31106219612454145
mutant1450	-0.46541760767662993	-0.26762938220053906
mutant1451	-0.2412603643575782	-0.43722646152609845
mutant1452	-1.3950642715280535	-1.487374223372899
mutant1453	-0.8476864250082718	-0.8085355758594226
mutant1454	-0.7230451859847493	-0.7441146948664008
mutant1455	-0.6829267052779904	-0.6477724093034568
mutant1456	0.44797574554717084	0.4258203628567955
mutant1457	-0.414135616159949	-0.4139284708752836
mutant1458	-0.25230381896866394	-0.22877265270799407
mutant1459	0.8234794259992868	0.8446729127661102
mutant146	-1.347818540200395	-1.311781456271481
mutant1460	0.4416596109574466	0.3065616642213182
mutant1461	-1.214454096016523	-1.2460487128139819
mutant1462	-0.9759163300758593	-0.9326121922249531
mutant1463	-1.2152542372881356	-1.1745762711864407
mutant1464	-0.20329278733406697	-0.1625236457006047
mutant1465	-0.5174327308596356	-0.49592662755105843
mutant1466	0.12858177262566692	0.02944556110281209
mutant1467	0.12504932648710615	0.21393284661140868
mutant1468	0.7354960774115631	0.7124994131770769
mutant1469	-0.9544258137189439	-0.866720843209738
mutant147	-0.19915034735704001	-0.19696489410485618
mutant1470	-0.06430206244676612	-0.06538499296691858
mutant1471	-0.5944328453669961	-0.5932399275531306
mutant1472	-0.7955720952992238	-0.8355176209079984
mutant1473	-0.45796992775245027	-0.4125166838010774
mutant1474	0.3222270999701795	0.2575219035756432
mutant1475	-0.9970903528285654	-1.075023553000003
mutant1476	0.7654482702783456	0.8122240404459943
mutant1477	-1.3245677668601274	-1.3288115516461825
mutant1478	-1.0681384065451385	-1.0768951799151947
mutant1479	-0.32966355080814347	-0.3443587124230047
mutant148	-1.3373531591842616	-1.30069007857237
mutant1480	-0.6110277851474911	-0.5552289625169022
mutant1481	-0.3243519429048817	-0.24816322601155238
mutant1482	0.03106206813778149	-0.07896932017842392
mutant1483	-0.46536854168596237	-0.4593338549813549
mutant1484		0.6624836211769207
mutant1485	-0.9989305292537566	-1.0522957542071454
mutant1486	0.8389407296940042	0.8106143558162607
mutant1487	-1.4607706262606368	-1.4099974649742637
mutant1488	-0.3721556337334608	-0.3483492897137216
mutant1489	0.6412363234221151	0.6551995268444482
mutant149	-0.08636661634916787	-0.14605762200013367
mutant1490	-0.7861712947419208	-0.7198720424286531
mutant1491	-1.3396326537277718	-1.5
mutant1492	0.2952551252257669	0.27139664636238636
mutant1493	-1.1631067481067023	-1.1269472786072199
mutant1494	-1.3517784505990016	-1.403479911344812
mutant1495	-0.1305526874984895	-0.035977193511544936
mutant1496	-0.6917412622233756	-0.7161215140676664
mutant1497	-0.0706762691508784	-0.09820487201213829
mutant1498	0.7095214651494386	0.6067942869426426
mutant1499	-0.9226297069722357	-0.95439812855746
mutant15		-0.31662689486910633
mutant150	-1.0807720579463072	-1.0932203389830508
mutant151	0.4154444768516299	0.4266080276199654
mutant152	-0.521833558364796	-0.48305084745762716
mutant153	-0.5633126705321236	-0.659112743170515
mutant154	0.029803263949426534	0.09642602151749946
mutant155	-1.3717840454384291	-1.3590081681487591
mutant156	0.18318427363312553	0.28634659525399175
mutant157	0.4249911208784112	0.4327284771654951
mutant158	-1.0114739485398725	-0.989249935570222
mutant159	-0.9062575204775816	-0.9543525668834395
mutant16	0.40435760692497236	0.4547392453410124
mutant160	-0.5565545136905519	-0.5045174678270614
mutant161	-1.434103589690611	-1.3988925862790236
mutant162	-0.6937962833147611	-0.7128025940443677
mutant163	-0.9711864406779661	
mutant164	0.15402481417122638	0.2151828981544458
mutant165	-0.936557428909533	-0.9759480232235632
mutant166	-1.2834409623843381	-1.3059147888010274
mutant167	-1.30370820241294	-1.3290084254724517
mutant168	0.23607531689107442	0.20627654568145182
mutant169	0.81864406779661	0.81864406779661
mutant17	0.6057323163452155	0.5528678178275005
mutant170	0.4407171402616721	0.4750408757987774
mutant171	-0.7278052587934624	-0.7502923328976308
mutant172	-0.5615521959848948	-0.5761192245876392
mutant173	-0.5536125197887303	-0.45650663409186043
mutant174	-0.06761443305864787	0.0017139517202801324
mutant175	0.43510217532687084	0.4443620782051432
mutant176	0.8909101221431046	0.8382089416917008
mutant177	-0.5807532221686682	-0.5293117663277144
mutant178	-0.8435604491202148	-0.8023270470570578
mutant179	0.7161861995909338	0.6962248685774639
mutant18	-1.2732875823391312	-1.297034180101963
mutant180	0.7106722890419002	0.72742825660009
mutant181	0.2153977921928471	0.20883293533158548
mutant182	-0.7227153222968703	-0.6944270656027489
mutant183	-0.7332863233008078	-0.7319788049756992
mutant184	-0.3919706183691557	-0.3520494985207915
mutant185	-0.6716219872521775	-0.6290573100928264
mutant186	-1.3741264932583037	-1.3760490092380266
mutant187	-1.4321975285260886	-1.5
mutant188	0.7867166398939871	0.7563688899375696
mutant189	0.7684731368725433	0.7276349020770624
mutant19	-0.9999763704571674	-0.9548818780246532
mutant190	0.7133002139845679	0.7027723500701158
mutant191	-0.16539211135887205	-0.15434280832561548
mutant192	-1.16942048878219	-1.134294769234471
mutant193	0.4414637460814496	0.4199820907271812
mutant194	-0.8132067906248266	-0.7992760255494105
mutant195	-0.6333670205176245	-0.5649892377194727
mutant196	0.3808205604651258	0.43409617607310236
mutant197	-1.0900276812273817	-1.0499756159025588
mutant198	0.8729098063198035	0.7929529502534798
mutant199	-1.2325660510254122	-1.1580802637833707
mutant2	0.7008380306943467	0.7363708001594862
mutant20	0.11286808542809196	0.14996897946454973
mutant200	0.47216463762114913	0.5013693081980303
mutant201	0.7682770280662531	0.8449646069752637
mutant202	-0.1188221592965878	-0.018856489709701177
mutant203	-0.499981605919127	-0.47983925859002685
mutant204	-0.6209555461181717	-0.6621135328785441
mutant205	-1.1461642069118563	-1.0834267053949214
mutant206	-0.0556410202122902	-0.07673561169128658
mutant207	0.34445946423434914	0.2379616560880402
mutant208	-0.9138654606429076	-0.8684560469252144
mutant209	0.1500244809687138	0.08544859177310385
mutant21	-1.2157547978605274	-1.1083352898865149
mutant210	-0.9400402257163812	-0.6944711894977277
mutant211	-0.940316272468343	-0.9341541104828697
mutant212	0.09337030261558897	0.09935627396953713
mutant213	-1.4975442821450997	-1.3798240144330225
mutant214	0.6773658525081058	0.6535328122885213
mutant215	-0.026991365162386385	0.02694252623710791
mutant216	-0.13220815569162364	-0.15000375249147346
mutant217	-0.0022431409574653364	-0.03298996125764576
mutant218	-1.269379551210196	-1.2418883640544585
mutant219	-0.2844560033200605	-0.28368959588635917
mutant22	0.20585193669041307	0.1065180639842967
mutant220	0.3520703255260169	0.3500412632466148
mutant221	0.5702386352208465	0.6455888167631469
mutant222	-0.9299923836480287	-0.8446491174265056
mutant223	0.06310592026428333	0.01172055529136409
mutant224	-0.26689911090499285	-0.26840757159026046
mutant225	0.6315729840729678	0.6694517882406025
mutant226	-0.07268506492439072	-0.172576452980674
mutant227	-0.8626267309386382	-0.9530785688019728
mutant228	0.8821036281972192	0.8999999999999999
mutant229	-1.5	-1.4776779769672426
mutant23	0.8583418476954101	0.8593220338983047
mutant230	-0.12495278312971705	-0.05780332077221041
mutant231	0.5191102609201794	0.4255972029702544
mutant232	-0.5323380384545799	-0.5277545797759913
mutant233	-1.0421315888915899	-0.9716026571714071
mutant234	-0.7170968538199207	-0.7565335273723068
mutant235	-0.1374234193720315	-0.0841567160894996
mutant236	-0.2008291182619838	-0.28135790160710095
mutant237	-1.4610071012168193	-1.4169288756110168
mutant238	0.8438673628673132	0.8060272861250039
mutant239	-0.014267634722778874	-0.0928546503441113
mutant24	0.2108523696195337	0.18666974680547255
mutant240	0.8115786549135259	0.8999999999999999
mutant241	-1.3009624095612184	-1.340349839101791
mutant242	-0.9905596718627124	-1.0306100847390725
mutant243	0.2643125286621141	0.2661810565288916
mutant244	0.11242960746997438	0.16779661016949143
mutant245	-0.8307531086433875	-0.8527835717407135
mutant246	-0.10000771108426534	-0.14168614152923062
mutant247	-0.033383922958532375	-0.009029974234903223
mutant248	0.10553110727579637	-0.010011586279449161
mutant249	0.6860913186426286	0.6001364678407923
mutant25	-0.4825437522810994	-0.4900451569973589
mutant250	-0.7677966101694915	-0.7271186440677967
mutant251	-0.33481042910367254	-0.3771301029303945
mutant252	-0.18934052608942453	-0.17077056550665878
mutant253	0.27820250431271776	0.25269804662191564
mutant254	-0.08218428509407913	-0.11155387703917519
mutant255	0.8550248091551474	0.8175843785733818
mutant256	-1.2865447732972861	-1.3232376381725466
mutant257	0.13434033081817784	0.03411661944627831
mutant258	-1.2892779659439264	-1.0091954588464858
mutant259	-0.7196444135990091	-0.7547332855512535
mutant26	0.8246034962277075	0.8675184528529644
mutant260	-0.21522796607031008	-0.17729655550731538
mutant261	0.1015446067091664	0.1077237551855412
mutant262	0.48159779743593234	0.4754235853803785
mutant263	-0.32495538675667435	-0.31475744825824603
mutant264	0.2999828544376715	0.5166875102125893
mutant265	-0.3189127884879953	-0.3184477431090598
mutant266	-0.36547496395234613	-0.3770981175151016
mutant267	0.3183135235711544	0.3988226684743592
mutant268	-0.8192246413906102	-0.8263416026204236
mutant269	-1.247372730910337	-1.2743549132937764
mutant27	-1.0731230815985904	-1.0022819242626428
mutant270	-1.4745223428122698	-1.459322033898305
mutant271	-0.3794829126339603	-0.4007563558240471
mutant272	-0.6637690821006941	-0.5048965324667944
mutant273	-0.18336792308592093	-0.16667294400338342
mutant274	-0.2866909386626886	-0.26942421474346995
mutant275	-0.2115170701137304	-0.12499074851603874
mutant276	0.48622321257937573	0.5056794202028418
mutant277	-0.11511339233109817	-0.15095942913841048
mutant278	0.28759683806645275	0.33664872690784087
mutant279	-1.3842938905554873	-1.3490776936005493
mutant28	0.3760238327085973	0.422813811388455
mutant280	0.5084364459533736	0.5434783661434135
mutant281	0.29768250027377385	0.222321081437955
mutant282	-0.8527202376017449	-0.8718280159623216
mutant283	-0.4143287449820262	-0.44138776834000293
mutant284	-0.3412499355166956	-0.3569863462350086
mutant285	-0.2304839299293236	-0.3062811839982476
mutant286	0.2874827255646848	0.2666667819650551
mutant287	0.07741790339719895	0.012530473407946163
mutant288	-0.8729650142749674	-0.9323721563933713
mutant289	-1.2524308675985885	-1.0499997360575457
mutant29	-1.401800795094429	-1.4394907233698178
mutant290	-0.7066207336401567	-0.7900369959694676
mutant291	-0.40968931144875426	-0.397687562373712
mutant292	-0.6522236840604607	-0.654079290160321
mutant293	-0.06427502074988092	-0.19157843197922614
mutant294	0.7249917014148146	0.6357256203584716
mutant295	0.39824903825616575	0.37523140273007916
mutant296	-1.3622018999771193	-1.3248870777245612
mutant297	-0.6552813929133116	-0.764308441552689
mutant298	-0.6444563300378228	-0.5295017885758642
mutant299	-0.015935233926192463	0.004991054871658726
mutant3	-0.4919125010475124	-0.5357057440339735
mutant30	-0.3867541979272899	-0.431048717079071
mutant300	-0.5265913360698249	-0.42791340042171383
mutant301	-1.354656092996869	-1.5
mutant302	-0.33282947535234464	-0.30078542261739816
mutant303	-0.8674815593973586	-0.903527962308573
mutant304	-0.18574344019932484	-0.0636371152151658
mutant305	0.5569773132422646	0.5344325456937384
mutant306	0.7796817579840947	0.8446967010578375
mutant307	-0.5439390921591795	-0.4806502972464812
mutant308	-0.29948962568060344	-0.2681689062498902
mutant309	-0.0007170329595867257	0.009496648154760687
mutant31	-1.1293420175641875	-1.159502088722625
mutant310	-0.5095407294913343	-0.43913234464718554
mutant311	-1.5	-1.3982197883700656
mutant312	-1.022573563479604	-1.1776456582825625
mutant313	-0.16450137052096803	-0.22069903249411216
mutant314	-0.07497370998810143	-0.013633319710987996
mutant315	-1.3950590546546802	-1.4551279912702744
mutant316	0.8999999999999999	0.8713353251293301
mutant317	0.3672723340017624	0.3550722210527869
mutant318	-0.2796610169491527	-0.30940552497889695
mutant319	-0.9498820364376288	-0.9527482524626937
mutant32	0.2594262624884907	0.22603583912113956
mutant320	-0.2208717026992849	-0.19185930386639066
mutant321	0.3945289744358315	0.42776609998882614
mutant322	0.1722555144748797	0.22437956948029386
mutant323	0.5462970308060023	0.5415781865824063
mutant324	0.5392041314604054	0.565350296763017
mutant325	-1.2444302206506073	-1.1787211078434785
mutant326	0.7398389617520335	0.7107912220533836
mutant327	0.6276959657629853	0.5911851642506296
mutant328	-1.0114555004430252	-1.0741887465141424
mutant329	0.36730138285201996	0.4007613533911738
mutant33	0.03161032177900029	0.07479172352787256
mutant330	-0.827558855720379	-0.8180687309197593
mutant331	0.8254233383220669	0.7813011048773402
mutant332	-0.9700345697731856	-1.0516504449988897
mutant333	-0.605084745762712	-0.605084745762712
mutant334	0.01438035663805514	0.0962261096329279
mutant335	-0.2579340883882987	-0.17568208535790045
mutant336	-0.6864406779661018	-0.6864406779661018
mutant337	-1.2260234269489976	-1.1461092314780243
mutant338	-0.970803437389764	-0.9499473034774295
mutant339	-0.8714387274800655	-0.886207286846873
mutant34	-0.714250320581517	-0.7303507067097694
mutant340	-0.319580262239998	-0.2957006055213768
mutant341	-0.7068378894619252	-0.7314354494723835
mutant342	-1.0141433910278628	-0.9450901699914765
mutant343	-0.11223554388178797	-0.11423859829573246
mutant344	0.08335031457392375	0.07652137286456208
mutant345	-0.6238332228377265	-0.5993062095658389
mutant346	-0.7499746841264546	-0.7405070282126727
mutant347	-0.3787688877394325	-0.3636447367395619
mutant348	-0.504991680373879	-0.5153068825288825
mutant349	-1.076946502330371	-1.0260475455763698
mutant35	0.0750188664009638	0.13631361700006217
mutant350	0.8593384625623004	0.832519724650039
mutant351	-1.020257562188505	-1.0021746766403021
mutant352	0.8526355420192704	0.8404411155846904
mutant353	0.5094989148615615	0.5136232416459213
mutant354	-0.19644475756917695	-0.12818931758354746
mutant355	-0.416177691938846	-0.43492969779481516
mutant356	-0.19497189232037943	-0.24295839130094182
mutant357	0.23459477866117517	0.18640142703722967
mutant358	0.01665719295802875	-0.03575912895697966
mutant359	0.7068573336408239	0.6421944647244373
mutant36	0.5475933389973484	0.5395915695426887
mutant360	-1.4712076612282532	-1.4609635980688371
mutant361	-1.2617944243471875	-1.3027071407118718
mutant362	-1.3821991154189852	-1.3661675109047637
mutant363	0.7460333723594482	0.8311117279890076
mutant364	0.3742809306438034	0.3809377768224009
mutant365	-1.356359482404093	-1.3585800341840244
mutant366	-0.37389374028149946	-0.35222561972166766
mutant367	-0.6710830136335845	-0.6447550184945086
mutant368	-1.3479401790523924	-1.4363378297302438
mutant369	0.7427169850272567	0.7374818116923992
mutant37	0.34059662195412765	0.41516222307262457
mutant370	-1.1038123012662062	-1.112516941724201
mutant371	0.767387906571752	0.7229326671989577
mutant372	0.5853431013062302	0.5856679249770549
mutant373	0.2300113002838275	0.32572253908128757
mutant374	0.8038719145339718	0.8999999999999999
mutant375	-0.9492756121591848	-0.9222422346613665
mutant376	-0.29141527893217767	-0.20231246190439717
mutant377	-1.075537302941207	-1.041128324298066
mutant378	0.8999999999999999	0.756183902525686
mutant379	-1.4739926187554375	-1.439983251923695
mutant38	-0.9379603979937539	-0.9687618113152288
mutant380	0.5678081254057562	0.6449525639077183
mutant381	-1.4104329741921422	-1.5
mutant382	0.11099276969474682	0.13559642001986505
mutant383	-1.2225717902286468	-1.2468399625286264
mutant384	0.16079994571444228	0.22797919290091279
mutant385	-0.23508210085136333	-0.26941563275544655
mutant386	-0.8034718586398766	-0.860785148488848
mutant387	-1.287300901554623	-1.2841396791581063
mutant388	0.5580025083696667	0.5468108981828157
mutant389	0.8883033304702257	0.8999999999999999
mutant39	0.579407582491342	0.5751003324975701
mutant390	0.21552761087292138	0.12145220365473317
mutant391	0.2788536992198544	0.31516098238527807
mutant392	-0.031032644963394973	-0.1200640553863424
mutant393	0.8999999999999999	0.7234617651355035
mutant394	0.42949382264755287	0.4115189708475221
mutant395	-0.9571852906861977	-0.9191869747285776
mutant396	-0.5653818198104729	-0.6863326483550001
mutant397	-0.6374890570795642	-0.4869985375053396
mutant398	-1.0728585042721768	-1.0308988509427968
mutant399	0.050012980780601596	0.03940869618691269
mutant4	-0.6499761813080034	-0.6433249373155594
mutant40	0.6288261453650499	0.6704471556509011
mutant400	-0.37503857926790307	-0.4371355059275121
mutant401	0.5899085958537302	0.6371053783340672
mutant402	-1.1669492502163752	-1.141348879185113
mutant403	-1.3461335851879492	-1.2841698407852338
mutant404	0.3553213755060972	0.35010518889727127
mutant405	0.36196709504139646	0.3666504793302586
mutant406	0.702893044750442	0.7046701032969808
mutant407	-0.5857560119415192	-0.6718727104889541
mutant408	-0.5833241026375541	-0.49305968603119243
mutant409	-0.17811230006382656	-0.246112448173134
mutant41	-0.10127658627927294	-0.06110570369852022
mutant410	-0.7149929777935982	-0.7676128926674686
mutant411	-0.9629207710199987	-0.9975208337525193
mutant412	-1.2371122710436193	-1.203039849620362
mutant413	-0.6820979625470925	-0.7367986446155824
mutant414	-0.7799396627119398	-0.6987988687137328
mutant415	-0.48305084745762716	-0.4423728813559322
mutant416	-0.2985760158810176	-0.25217874728657896
mutant417	0.08470240141265067	0.15524043368273654
mutant418	-0.5269542439505583	-0.48634284899594554
mutant419	-0.2194577885693626	-0.1656752820175728
mutant42	-0.9499703305947447	-0.9318310377227854
mutant420	0.6325847961832034	0.5772040854021907
mutant421	0.2666970620652368	0.31907728186318396
mutant422	0.8243980462888354	0.7171311511863394
mutant423	-0.4152630189786618	-0.40972954864368627
mutant424	0.4714876014127789	0.41645259536667983
mutant425	0.8709348235465586	0.8593220338983047
mutant426	-0.6407146497766828	-0.709316291207889
mutant427	-0.4982250720446342	-0.4605180860771554
mutant428	0.518926761028798	0.5631860057845572
mutant429	-1.2789272917454182	-1.22786563366753
mutant43	-0.5166851154609436	-0.4283702414059449
mutant430	0.6915951196427876	0.6867322330647394
mutant431	0.17158882217579766	0.1866924868745875
mutant432	-0.9177406031344282	-0.9041697251365375
mutant433	-1.2034749306531283	-1.131445448580933
mutant434	-0.6462333490601495	-0.6734439066728869
mutant435	0.7914369153326966	0.8969586496049304
mutant436	-1.0775841888659452	-1.1579395190432151
mutant437	-1.4207736029268832	-1.3047326359828617
mutant438	-1.1751608956602744	-1.1873209475059259
mutant439	-0.06777578686053035	-0.1693486342322091
mutant44	0.2742341755266843	0.27997550322429143
mutant440	-1.1734838489616393	-1.1478167871189746
mutant441	0.629631230740955	0.7091754573877705
mutant442	-1.3502207151770986	-1.36285549646513
mutant443	0.4442500787554308	0.47095706365806467
mutant444	-1.3689818639428308	-1.4121578293896622
mutant445	-1.090661256450571	-1.0647545728331207
mutant446	-0.30162927996759364	-0.30112945851568895
mutant447	-1.3098558488781382	-1.3541099150823186
mutant448	-0.3071845965005312	-0.3357206378681096
mutant449	-1.0394872109404472	-1.089191268948643
mutant45	0.09548556944061262	0.14616001315807042
mutant450	0.2338749653489659	0.3856236949366959
mutant451	-0.36219793527877253	-0.31172178759950364
mutant452	0.07683137887941055	0.07573539673627991
mutant453	-0.060134270641321694	-0.001323431749877241
mutant454	0.610824691043649	0.4923545973203882
mutant455	-0.18432801663201598	-0.17908257501395908
mutant456	-0.9427235896351107	-0.976177755775616
mutant457	0.7034400214313677	0.7856254617987495
mutant458	-0.4184203070127652	-0.44486169574292084
mutant459	0.6204352222098724	0.5811923536447514
mutant46	0.7053248770517837	0.7025467394777622
mutant460	-0.6136100706977672	
mutant461	0.864533196799457	0.8777334427559981
mutant462	-0.9612482458802771	-0.906379206098714
mutant463	-0.9059932428755257	-0.9132048959414918
mutant464	-0.36600603910947327	-0.29124836893629674
mutant465	-1.2792835722338887	-1.28267702374785
mutant466	0.09210621241970258	0.05619058055377349
mutant467	-1.369151988847451	-1.3095722150552627
mutant468	-0.36018674342647977	-0.3149260533050774
mutant469	-1.359201362656191	-1.3599600140912778
mutant47	-0.20180046658374776	-0.3018034177447524
mutant470	-0.011505974702181843	-0.08850956659555718
mutant471	-1.1587828035574195	-1.184732687637994
mutant472	0.13968554427112012	0.07172148996207403
mutant473	-1.358630605066183	-1.5
mutant474	0.795660810179604	0.7700581651426066
mutant475	-0.06378050965996829	-0.09346956613358702
mutant476	-0.14997313530956327	-0.05772967775941258
mutant477	-1.0119557201911356	-0.9752301976684552
mutant478	0.5770051324293999	0.6618890390657868
mutant479	0.5166840433118571	0.5804952630415362
mutant48	0.813499897161597	0.8063115546396493
mutant480	0.3104374708470548	0.2919493997097017
mutant481	-0.6135961983392113	-0.6646552902729379
mutant482	0.13977507936817246	0.2647492324600096
mutant483	-0.18563223195348033	-0.20002172629679815
mutant484	0.39191319362113364	0.41682892001699656
mutant485	0.06457325795224282	0.06432661579505242
mutant486	-0.48851705858385874	-0.46931411071827545
mutant487	-1.1508291379362343	-1.1885610891809977
mutant488	0.17380373681221445	0.19053817693723096
mutant489	-0.8286538381276554	-0.8112884809056455
mutant49		
mutant490	-0.9010113616549033	-0.9816982107203893
mutant491	0.6486410345485141	0.5514042517052671
mutant492	0.36773962104129376	0.39706284493992217
mutant493	0.4740519715780637	0.4125277124173744
mutant494	-0.895142457043556	-0.9936644479627477
mutant495	-0.18295802280343582	-0.09791180284399724
mutant496	0.6437039674431282	0.8173897235929404
mutant497	-0.8093361797233227	-0.8911991817865973
mutant498	0.6038714207991068	0.687147948767892
mutant499	-1.3656808303610277	-1.354684066457772
mutant5		-1.2846493393193168
mutant50	0.7004616273747222	0.7372881355932202
mutant500	0.2650517195286721	0.23749523769868064
mutant501	0.5366025665402413	0.547507741784579
mutant502	-0.8182600712207584	-0.8136650449135279
mutant503	0.3853955033945998	0.18037592726318447
mutant504	0.2491525423728813	0.23540721177687982
mutant505	-0.9690417904169359	-1.0406062790236783
mutant506	-0.39374074398932096	-0.3458831991490564
mutant507	-0.963614562287755	-1.0458950686824235
mutant508	-0.8000288676074399	-0.816680601167517
mutant509	-1.2804721168183573	-1.2047652677740708
mutant51	-0.10872708259444477	-0.14410617773666176
mutant510	0.47799212868129304	0.48743677361623294
mutant511	0.4759161567433101	0.4633364404635626
mutant512	0.616008142475529	0.47792661774548173
mutant513	0.20268005169483846	0.14698319092638007
mutant514	-0.459068285325101	-0.4714140395847101
mutant515	-1.0779026740075457	-1.1194665985069192
mutant516	0.1512282617743078	0.10835923160083186
mutant517	0.29029877358165246	0.3833599376774052
mutant518	-0.4935407085322137	-0.4333378331018856
mutant519	-1.373420789684904	-1.3139540841501494
mutant52	-1.498656529840082	-1.4696049654681702
mutant520	-1.0840011115578054	-0.9848308662755267
mutant521	0.582290566574635	0.8343347807327824
mutant522	-0.6457627118644068	-0.6478105198650767
mutant523	-0.6911326377930451	-0.6247740413317162
mutant524	-0.3239531708543042	-0.20838062399508153
mutant525	-0.32461038702143075	-0.38662507859401796
mutant526	0.08075610564506926	0.04995914523956986
mutant527	-0.26317514142658766	-0.32376520229735595
mutant528	-0.34532184635338037	-0.33438634917728194
mutant529	-0.803039716940747	-0.8391933093429543
mutant53	0.18405826115294505	0.1962458734763294
mutant530	-1.054966097546797	-1.031650402299864
mutant531	0.16631981021479553	0.24090695002753504
mutant532	-0.659435999534632	-0.6845038772758566
mutant533	0.4660381681059095	0.5336171353838137
mutant534	-0.261761031601284	-0.17144592814784665
mutant535	0.3619431495684887	0.4707414228680519
mutant536	0.8859430896030972	0.8999999999999999
mutant537		-0.32036540903396116
mutant538	0.896371811404824	0.8999999999999999
mutant539	-0.5898474679897099	-0.6484139858715628
mutant54	-1.1717825887023192	-1.161810991928153
mutant540	0.7130677028552106	0.6292401586345544
mutant541	0.26531210654390697	0.2491525423728813
mutant542	0.23623903737152258	0.23379756506434415
mutant543	-0.06476304933483915	-0.007905472739045318
mutant544	0.8155446905314334	0.8254480786978169
mutant545	-1.46762823065801	-1.4673253340501107
mutant546	-0.981615068013412	-0.883311672933939
mutant547	-0.40629088406843195	-0.3845600338461564
mutant548	-0.5235691948587952	-0.5956028322679431
mutant549	-0.8703679640342383	-0.6961425342031918
mutant55	0.20147754212231736	0.27487141028291706
mutant550	-0.4829254132352378	-0.523279686349591
mutant551	-0.547726129928457	-0.500482311839679
mutant552	0.6634621223334323	0.6030467361319002
mutant553	0.8770039127022027	0.889202347928658
mutant554	-3.0346606907062614e-05	-0.012203640917708331
mutant555	-1.1731120786717844	-1.1686872164669788
mutant556	0.21374179456787407	0.20736549531134169
mutant557	-0.9369973516233856	-0.9160105700261502
mutant558	-1.4428114870177517	-1.5
mutant559	0.45650390123850415	0.516934631647003
mutant56	0.43196462790058987	0.49893615059652613
mutant560	0.3559440874684554	0.35804004850414434
mutant561	0.8776651796931398	0.8999999999999999
mutant562	-1.207761338234414	-1.1701358187679007
mutant563	0.741445059972374	0.7417305823513551
mutant564	-0.22346147326262383	-0.16845140598567282
mutant565	-1.209105093915408	-1.158279137868115
mutant566	-0.6032092031439471	-0.48675539703745596
mutant567	-1.0586219860329051	-1.2040418291861026
mutant568	-1.0769218960687472	-1.2083418617028696
mutant569	0.27407536082361894	0.14626665668120903
mutant57	0.6793832970789243	0.6270578456763178
mutant570	-0.5976122048369756	-0.4147339262475115
mutant571	0.2421469703885285	0.19287696809752986
mutant572	-1.3372881355932202	-1.3437881905291422
mutant573	-1.2484062748842284	-1.3033005109821498
mutant574	0.7154543006049143	0.8016824927965278
mutant575	0.4326217653180817	0.4504439711546232
mutant576	0.7791319930004447	0.8477883573937474
mutant577	-0.06059289699098645	
mutant578	-0.43507743703324714	-0.272801531635617
mutant579	-1.1820747545618242	-1.2423094752967652
mutant58	-1.1111367148852072	-1.1533208760353708
mutant580	0.6048361098580063	0.6971477284165417
mutant581	-0.7032834596032778	-0.7048986894715774
mutant582	-0.21874435141094428	-0.302453704331925
mutant583	-0.03362903396964329	-0.04003836069586951
mutant584	0.14003661361964123	0.1500248748564014
mutant585	0.38895194134429895	0.3193121882332002
mutant586	-0.7597009220266848	-0.7198161839561438
mutant587	-1.3949390677025075	-1.40156414904938
mutant588	-1.0635403857201249	-1.1312051273117727
mutant589	-0.9393714768954023	-0.9360645309384715
mutant59	-0.6767896108995923	-0.7012292803647484
mutant590	0.10224903056888184	0.07540658671636807
mutant591	-1.1114979046627291	-1.0429868794051245
mutant592	0.6792799905962066	0.7548315291560108
mutant593	0.4907628216192025	0.4875075151474757
mutant594	-0.33040611420540567	-0.380153176829611
mutant595	0.5039926170891054	0.49475900432291
mutant596	-0.3681609111096661	-0.31490449253371683
mutant597	-1.1141358795173857	-1.0974196180995355
mutant598	-0.1634891434700385	-0.12605252854133897
mutant599	-0.2605528617179707	-0.17307088841400795
mutant6	0.8684597130864857	0.7780941860299362
mutant60	-0.6724160397454703	-0.5860756501457407
mutant600	-0.16070926463255925	-0.14505692169070228
mutant601	-1.2596880496582512	-1.313904598738652
mutant602	-0.5957191565881583	-0.5846229131755072
mutant603	-0.48774752840963437	-0.5151091822035807
mutant604	-0.8394145894434155	-0.783319576027264
mutant605	-0.7941601206999463	-0.8357217462764025
mutant606	0.8999999999999999	0.8618356921523811
mutant607	-1.3582865723193087	
mutant608	0.6625688290752864	0.6831843115720213
mutant609	-0.4465860545520033	-0.45190229652066544
mutant61	-1.1699748732754958	-1.226530830837345
mutant610	-1.2812052274534578	-1.281915269235247
mutant611	0.7734001430810282	0.7647851342413771
mutant612	0.8665917108405846	0.708876155216774
mutant613	-0.5048223289391516	-0.40459305205872587
mutant614	0.5316468971183426	0.49412158398104733
mutant615	-0.9646718089509826	-0.9625884779272785
mutant616	-0.2469041342798033	-0.2975185320369507
mutant617	-0.7223405420478728	-0.566189385032079
mutant618	-0.39283022105497756	-0.31247866962889304
mutant619	-0.021465274723320413	-0.017118217155680553
mutant62	0.4255993952698958	0.6097029049630203
mutant620	0.5314829410667113	0.45677228859245883
mutant621	0.8593220338983047	0.8593220338983047
mutant622	0.3868649323764993	0.44094085983784975
mutant623	-0.6397187508676984	-0.6921968814921889
mutant624	0.8165831035516826	0.8999999999999999
mutant625	-1.1322064802891232	-1.0819931963685672
mutant626	-0.8014454652823348	-0.8242946545682284
mutant627		-0.26175325207020106
mutant628	-1.2543370848609823	-1.2538430716254207
mutant629	0.5123964693130141	0.49322033898305073
mutant63	0.5433846148619379	0.4334475783214563
mutant630	-0.28250826283596997	-0.1366373938453952
mutant631	0.46869306671145156	0.4216262762335983
mutant632	0.29391342632080397	0.288114882268404
mutant633	-0.6715479687239365	-0.5592136304608798
mutant634	0.29129462509465087	0.4329520967746106
mutant635	0.8999999999999999	0.8999999999999999
mutant636	0.07556805909206926	0.14411630161253636
mutant637	-1.1457691749253949	-1.0344378995960948
mutant638		-0.7201685908828909
mutant639	0.8308763253634626	0.8999999999999999
mutant64	-0.8499560057547093	-0.7823011059117946
mutant640	-0.46915290841575413	-0.45281785588358425
mutant641	-1.0175452714900823	-1.0052276019018611
mutant642	-1.1696115761117911	-1.2397538887726536
mutant643	-0.2261581002538535	-0.23284472852553198
mutant644	-0.7742020507553884	-0.703696299701635
mutant645	0.6258178091228107	0.6203042272448933
mutant646	0.140668883282005	0.1474669797796952
mutant647	0.05555930215889907	0.23677324831534774
mutant648	-0.7264419616151013	-0.650032675153404
mutant649	0.49589726688830477	0.4096367371415623
mutant65	0.39444359754653363	0.3009971500109686
mutant650	0.38574439522467163	0.36835641609688674
mutant651	0.3782006045803428	0.33846394045548034
mutant652	-0.2566680010236605	-0.11911914232530083
mutant653	-1.0344042130628002	-1.005002726516564
mutant654	-1.0525423728813559	-1.0525423728813559
mutant655	-0.4813903774281866	-0.504071154133662
mutant656	0.5387812967355805	0.5841554042889652
mutant657	0.06579268728762824	-0.05951891040625548
mutant658		0.2595631951313639
mutant659	-0.5952450558021174	-0.5294248226348703
mutant66	0.4525423728813558	0.42824347709354615
mutant660	0.38295297405535467	0.3032285433877752
mutant661	0.6166175798908197	0.5968544523865766
mutant662	-0.3908221961327486	-0.4239511580335126
mutant663	-0.7204924510576224	-0.7928777647987131
mutant664	0.8297957246280031	0.7901212255199637
mutant665	-0.26940408882341893	-0.19217350033945152
mutant666	0.5382388496408729	0.5920848027096547
mutant667	-0.10419934889938867	-0.12043010197971984
mutant668	-0.9000619287706767	-1.0301429796272799
mutant669	-0.49229036046878283	-0.4644403906754757
mutant67	-0.6500408729293237	-0.6975669269616666
mutant670	-0.9458792142354486	-0.9499676910624373
mutant671	-0.035403361103454115	0.009074277501357251
mutant672	-0.035593220338983045	-0.035593220338983045
mutant673	0.2707714364359059	0.37225599367612683
mutant674	-1.2033519805178639	-1.1837854308099787
mutant675	-0.6457627118644068	-0.605084745762712
mutant676	-0.9515573154502596	-0.9422550087464407
mutant677	-1.2947453211679276	-1.3539658944063675
mutant678	0.25372367438713195	0.28013133658733436
mutant679	0.16607264197186417	0.17500630893303373
mutant68	-1.1873932138737293	-1.120282939536203
mutant680	-1.5	-1.5
mutant681	-0.43082366243115067	-0.4304050062813698
mutant682	-1.3881654432337533	
mutant683	-0.3284786557251785	-0.32956409836089917
mutant684	0.4944417741953543	0.4480139152637046
mutant685	0.11151679139388226	0.12616435628188286
mutant686	0.36995906615629803	0.33832181371383896
mutant687	-0.5073654872941245	-0.5097408458691604
mutant688	-1.3388537858648988	-1.345229472400633
mutant689	-0.3898079929353767	-0.43516193433566697
mutant69	-0.1762758215497199	-0.1855331297786171
mutant690	0.074957534674997	0.16684395679618885
mutant691	-1.3828364535149396	-1.5
mutant692	0.6834259105527676	0.6817955258959219
mutant693	-0.0384026163075761	-0.03956812915033048
mutant694	0.6197988380785835	0.5888835105022392
mutant695	-0.9972159918044741	-0.9375259907215246
mutant696	-1.4625024854438378	-1.5
mutant697	-0.22382500744164374	-0.23898305084745775
mutant698	-1.372376224453512	-1.4073797357132498
mutant699	-0.591776191853967	-0.6362371766126076
mutant7	-0.11674038585079335	-0.15647377159201387
mutant70	0.7915435156519035	0.7664977226989637
mutant700	0.13512938393966145	0.08451673773558493
mutant701	0.6574390813833296	0.6522395264376168
mutant702	-0.9623245678851872	-1.0045017491414605
mutant703	-0.5936975652578678	-0.5710781650427778
mutant704	0.5216261928254053	0.5072054534866232
mutant705	-0.035593220338983045	-0.017828684214465956
mutant706	0.624699786242686	0.6292388488754238
mutant707	-1.3035337480579163	-1.3991993112857206
mutant708	-0.6952823407593869	-0.7686311869225219
mutant709	-1.5	-1.4607440123538251
mutant71	-0.7012040441012695	-0.6005316420928821
mutant710	-0.828060552883146	-0.9000023815803857
mutant711	-0.7126814769649583	-0.6459754432816254
mutant712	0.8544148199446502	0.7881964596223673
mutant713	0.3256512232447859	0.2931629476911929
mutant714	-0.5000105530434091	-0.472780714900919
mutant715	0.7594669262105659	0.8319658638824905
mutant716	-0.40624020348057943	-0.41925591024962316
mutant717	-0.9625240985723823	-0.8964604362477797
mutant718	-1.2582711664685298	-1.2607636259987607
mutant719	0.1418570444066274	0.1192753165886174
mutant72	-1.2411522574905969	-1.319359649454893
mutant720	0.5542057067540009	0.5366868253108605
mutant721	-0.5599038110869493	-0.5743882419820568
mutant722	0.6183284839330927	0.6413367320989308
mutant723	-0.15762711864406787	-0.1567995434685755
mutant724	0.2841063813629906	0.32525620402339384
mutant725	-0.44085501001970173	-0.36334075061898485
mutant726	0.6064072546586154	0.7175513275025727
mutant727	0.678920592968107	0.7310367113512352
mutant728	0.31728432564751136	0.1957916833217083
mutant729	0.1358838576078415	0.15230691530594698
mutant73	0.6474989334493875	0.6015157948533925
mutant730	-0.6186460316318431	-0.6525977605189146
mutant731	0.381121808123824	0.3214602599899965
mutant732	-1.1271139984651422	-1.0302052447449808
mutant733	0.6258792859570763	0.587155903541716
mutant734	-1.2908716122160275	-1.1809579647675545
mutant735	-0.8819119388625137	-0.917106448238299
mutant736	-1.308241951153246	-1.3384333389772007
mutant737	0.665540694494159	0.6259594778311255
mutant738	0.4439307421225272	0.4859258194727247
mutant739	0.2785391495984638	
mutant74	-0.7919773099555534	-0.9618713797920531
mutant740	-1.2362653876929302	-1.218337110814295
mutant741	-0.16042837521232833	-0.14912624533478114
mutant742	0.13085334227273338	0.09429288273263617
mutant743	0.38475748200557736	0.28402179530184535
mutant744	-0.6605335998819453	-0.7000318989017977
mutant745	-0.902669306082259	-0.8412491915545328
mutant746	-1.020391433449615	-1.0341552248354509
mutant747	-0.8196029731941675	-0.8140623599639039
mutant748	-0.42909005939384537	-0.35115357828081434
mutant749	-1.3499097032835217	-1.4110237225498026
mutant75	0.7650905074728163	0.7197694812864448
mutant750	0.6876144008727219	0.7308967109674801
mutant751	-0.08596973746120433	-0.040013866841358145
mutant752	-0.4500417154556826	-0.4776028436598808
mutant753	-1.2167093550038868	-1.2221489400631058
mutant754	0.18335618782151286	0.19666577379170208
mutant755	0.024076397493481692	0.005084745762711673
mutant756	-0.4799709778161425	-0.505589773609107
mutant757	-0.5801608513643368	-0.4968898557778447
mutant758	-0.8275633093086072	-0.7030207103400761
mutant759	0.7887070485420133	0.6688475282671617
mutant76	0.3976566895772091	0.36427132996093303
mutant760	0.8999999999999999	0.8149190951451217
mutant761	0.4970416043306655	0.4918901439913008
mutant762	-0.14769708937033987	-0.05869804584690816
mutant763	-0.46665430245430845	-0.35745954117590667
mutant764	-0.3078938027709956	-0.2743100261903907
mutant765	0.46733809952709915	0.44223087807921213
mutant766	-0.14742567948996999	-0.15762711864406787
mutant767	-1.1258980026532357	-1.1056117045889167
mutant768	0.2705690413713457	0.16522195213719415
mutant769	-0.38210207425842163	-0.31607205200094846
mutant77	0.5336797501730097	0.5691862318826546
mutant770	-0.2212233943258119	-0.13597523063784261
mutant771	0.1762286497054485	0.20549348812970042
mutant772	-0.024053034952724733	-0.01901055703092809
mutant773	-1.1892642737822121	-1.10219114183387
mutant774	-1.3545971239707737	-1.2159009248148163
mutant775	-1.1199702478827616	-1.120258644431045
mutant776	0.6390078843062694	0.6417874980874752
mutant777	-0.38436789363279555	-0.4121116613285421
mutant778	-1.2959927736973933	-1.3429033832693178
mutant779	-0.6555594264581113	-0.6275036112537706
mutant78	-0.06670116075363602	-0.04498951668378466
mutant780	-0.0021871497339913475	0.019449359743218736
mutant781	-0.051932877650772466	-0.04591032095703232
mutant782	0.8780304163042452	0.8999999999999999
mutant783	-1.253057637218582	-1.257268894070294
mutant784	0.19288502457937662	0.15335363913327454
mutant785	0.0381965449889267	0.13636934873304873
mutant786	0.596338309952551	0.5578005536013332
mutant787	-0.3594997596120965	-0.32442474747055194
mutant788	0.790425434408596	0.7354457778995854
mutant789	-0.21666040686694427	-0.21313757329787086
mutant79	-0.5237288135593221	
mutant790	0.18645058487857502	0.18388586815054456
mutant791	0.11191139895027805	0.135888821106208
mutant792	0.6947939232206217	0.6182297420881591
mutant793	0.8367832075164188	0.8866143021360038
mutant794		0.6918343604483495
mutant795	0.002287463912936428	-0.04603533947237609
mutant796	0.26740253688473464	0.18445080267167396
mutant797	-0.8832583845544018	-0.8531449338715329
mutant798	0.39332868399000487	0.3306759705430355
mutant799	0.40201690745245866	0.4497863282219777
mutant8	0.38081441873586497	0.33687710821571915
mutant80	0.4029014832171687	0.4075008573402701
mutant800	0.17449201376814588	0.1579287142659488
mutant801	0.10805404557800524	0.008224628599066527
mutant802	-0.49559491188902605	-0.4219081379100682
mutant803	-1.365231398211939	-1.5
mutant804	-1.2604124739488638	-1.2536302429012416
mutant805	-0.40204538838888876	-0.447644012350785
mutant806	-1.4434109156078196	-1.3176243581118576
mutant807	-1.2152542372881356	-1.2101376770743135
mutant808	-0.8363209236560291	-0.7546364857094655
mutant809	0.12916871918806513	0.13854212586032716
mutant81	0.5849708136984788	0.5059308708684618
mutant810	0.18844585801805605	0.3499763516562159
mutant811	0.6190880765975452	0.4309677394355135
mutant812	-0.18602950218436914	-0.20791300539521645
mutant813	-0.26053727102514934	-0.2639461471061958
mutant814	-0.6475994191169249	-0.6479775565550783
mutant815	0.36778712749946885	0.31777225039066087
mutant816	-1.4091464894473873	-1.4088818596107398
mutant817	0.3444687837342684	0.40386722617978726
mutant818	-0.6207953877629417	-0.530987552994078
mutant819	0.8999999999999999	0.75934603642513
mutant82	-0.2162831162560524	-0.1799060075623473
mutant820	-1.176258066906946	-1.1128675017569911
mutant821	-1.2409504081171598	-1.2503598472882849
mutant822	-1.4206542280924164	-1.4046590633120535
mutant823	0.8999999999999999	0.7606287265536497
mutant824	-0.343213771354211	-0.34445770127600744
mutant825	0.5528270101547241	0.5032802163750717
mutant826	0.3034760454381623	0.34548386576812196
mutant827	0.8509424631670115	0.7913856094291336
mutant828	0.7191569869960426	0.707543796312651
mutant829	-0.0042205849855427875	0.012694268477590493
mutant83	-1.345195319200743	-1.3568471051480524
mutant830	0.3735781671773448	0.3370670781495347
mutant831	-0.20776694648359964	-0.22535466915976854
mutant832	0.6841927577025797	0.7206439593858331
mutant833	-1.3508567087514032	-1.4346458222229324
mutant834	-1.2339311415773486	-1.2962107462073238
mutant835	-0.4202594947476723	-0.3724388284961645
mutant836	-0.43387234011990444	-0.4883449371856342
mutant837	0.17767191680516636	0.23429428216109005
mutant838	-1.2327731277509348	-1.3477847126413038
mutant839	0.3011804247265194	0.2866577683565651
mutant84	0.5315578156777376	0.5352276161165086
mutant840	0.8999999999999999	0.8249712237294174
mutant841		-1.5
mutant842	0.23071598548163366	0.20785912520929217
mutant843	-1.1311106577971461	-1.0832901011029947
mutant844	-0.007809215832599716	-0.02934465449370803
mutant845	-1.2113667088668596	-1.2009709429113498
mutant846	-0.9051550043844863	-0.9365103160660704
mutant847	0.8999999999999999	0.8999999999999999
mutant848	0.6919016154074721	0.8029356545694539
mutant849	0.5510233091788466	0.6514435522782764
mutant85	0.07928156226481231	0.10804701681371373
mutant850	-0.29269656641638564	-0.2775258054839517
mutant851	0.1794160060652862	0.20302034739306868
mutant852	0.42633914983047094	0.4954672264541794
mutant853	0.7459959537969092	0.7308462510591271
mutant854	-0.10140498170727166	-0.04335541105353997
mutant855	-0.021039227754732596	0.07759698217413395
mutant856	-1.5	-1.5
mutant857	-0.03891757955676642	0.08832190809042265
mutant858	-1.4004390486891038	-1.4642270851763892
mutant859	0.26791904369418185	0.38399987076531705
mutant86	0.5004509724680286	0.5563239963431108
mutant860	-0.8672073269655046	-0.6317978887656996
mutant861	-1.232331921141895	-1.244262221643309
mutant862	-1.1183014980889858	-1.135338675494698
mutant863	-0.5178531310048973	-0.604885679998092
mutant864	0.1651782411650607	0.15931333422660823
mutant865	-0.3375297485948786	-0.22391215077062196
mutant866	-0.6093611611289853	-0.8062218022296197
mutant867	-0.9704578491210273	-1.0576233633151153
mutant868	-0.6160514552888802	-0.5913809129358025
mutant869	-1.14095859522098	-1.1546258894319794
mutant87	-0.8491525423728814	-0.8491525423728814
mutant870	-0.4796960388328634	-0.5931743194523119
mutant871	-1.5	-1.459322033898305
mutant872	-0.4285528430426311	-0.39480147587159947
mutant873	0.7575470134890393	0.705603024606642
mutant874	-0.36854309852185996	-0.3148572475894502
mutant875	-0.5928490915575898	-0.6518692176710617
mutant876	-1.1762662044961587	-1.2313542340029227
mutant877	0.5253120189270397	0.44910307600634713
mutant878	-0.36128324165352077	-0.33423267020598846
mutant879	-1.3639044075331337	-1.252775323757577
mutant88	0.8587102487683294	0.8228767590587469
mutant880	0.846386625822197	0.8999999999999999
mutant881	0.17537848864731032	
mutant882	-0.9850041887129803	-0.9984110196830557
mutant883	-0.14618148288101324	-0.08800135784929514
mutant884	0.33571957604420444	0.3211601454756643
mutant885	0.02582302270261091	0.04994945354661687
mutant886	-1.2918728395468109	-1.3890024009501365
mutant887	0.4910323492876917	0.48450091791148525
mutant888	0.17663960177647436	0.3289132759980643
mutant889	-0.7149017797229122	-0.6445858450704498
mutant89	0.6140735285486536	0.5681317174349723
mutant890	0.7054976400630057	0.6696875573341783
mutant891	-1.0119418090552488	-1.05481794034235
mutant892	0.8999999999999999	0.8565203473996379
mutant893	-0.7677966101694915	-0.7195979931185903
mutant894	-0.46249684902140864	-0.6184657348719376
mutant895	-0.858706758381174	-0.8909966307643212
mutant896	-0.43417336350993097	-0.30125846583368826
mutant897	-1.1784978189258095	-1.091905630901456
mutant898	-0.617583844176659	-0.6677390934020858
mutant899	-0.20546596398283	-0.21286485600714145
mutant9	0.7161223542671704	0.7360310661572176
mutant90	0.5137165079140841	0.4419024319535025
mutant900	0.5561668137755356	0.5133911189015368
mutant901	-0.6716906404730516	-0.6759315133330066
mutant902	0.6829368506293549	0.6085803823633193
mutant903	-0.48134124721853844	-0.4639858400017808
mutant904	-0.21840282577705755	
mutant905	0.6698390114072121	0.6725592636748363
mutant906	-0.14502377124433824	-0.12976537355085274
mutant907	-0.2515524656205488	-0.2838778699748218
mutant908	0.7035465678405997	0.6808089690635863
mutant909	-0.1602714552096163	-0.20464285034035312
mutant91	0.47109594058833615	0.45942960106590025
mutant910	0.06483695693568983	0.10448091259125092
mutant911	-1.3284399267146365	-1.3916200256872147
mutant912	-0.7362968339153417	-0.7192416911030579
mutant913	0.7835039224959666	0.7331460152449403
mutant914	-0.5067218628814933	-0.6290782231651244
mutant915	-1.2631477392994261	-1.211545546905775
mutant916	-0.7805962346476428	-0.7477794535166131
mutant917	-0.6813598826874401	-0.6072136246373778
mutant918	-0.11739862056547079	0.032391545220621445
mutant919	0.5572265881144343	0.5137530525553188
mutant92	-0.4423728813559322	-0.42430960912968146
mutant920	0.11324906749062619	0.13098369456043368
mutant921	0.2966542542490521	0.22121292580115184
mutant922	-0.24405423443960522	-0.2869545794827374
mutant923	0.5755637441987269	0.5702788504722871
mutant924	0.534860512007175	0.5315859878220057
mutant925	-0.2999945420112561	-0.3744635742145444
mutant926	-0.627561564839592	-0.6590231286891195
mutant927	0.6231218884164762	0.6014216113797586
mutant928	0.2833513901755216	0.28334993715349016
mutant929	-1.3179328212820876	-1.3279196660527592
mutant93	0.4014188360153258	0.37058642061770375
mutant930	0.7372881355932202	0.670538239815199
mutant931	-0.5874713898391316	-0.6166376592157603
mutant932	-1.350329099910481	-1.3401295709994157
mutant933	0.27787376060297636	0.283311769451554
mutant934	-0.564406779661017	-0.5237288135593221
mutant935	-1.0367677225713547	-0.9820098030717896
mutant936	-0.2525380227322642	-0.21959899426943413
mutant937	0.06285205861132567	0.056005495397364775
mutant938	-0.03782396286269284	-0.016367105831512643
mutant939	-0.7777030309566637	-0.8900177153219517
mutant94	-0.7096161063324269	-0.7803295998895345
mutant940	-0.16517268107958893	-0.13115878385932817
mutant941	0.21358531804246803	0.16551910689584665
mutant942	-0.6500144383268376	-0.622502957017798
mutant943	0.6270513321508313	0.5538326242420283
mutant944	-0.781429653480208	-0.6565360802152242
mutant945	0.5426750830406519	0.5487560884811378
mutant946	-0.989518315274587	-1.0896323260797591
mutant947	-0.533050784228958	-0.5249788562279949
mutant948	0.17502468763309897	0.22188188704245404
mutant949	-0.1151607563189769	-0.12504626550172493
mutant95	-0.5818048282693093	-0.5058613634614374
mutant950	0.47033025472179835	0.5024785830867233
mutant951	-1.5	-1.5
mutant952	-0.22808645179397188	-0.24141434815736784
mutant953	0.8999999999999999	0.810551163699956
mutant954	0.3227149408053317	0.35788312609503553
mutant955	0.5804771894988554	0.5380860564352847
mutant956	0.41118087722478747	0.40510555590797037
mutant957	0.18982843393361865	0.1825486605021011
mutant958	-0.036857606433417275	-0.20916203514023346
mutant959	-0.8219719797415705	-0.7999297092222656
mutant96	-1.187821548791927	-1.2241308563785922
mutant960	0.7767486436052958	0.7441368812773571
mutant961	0.01010668536157986	-0.0296421620378419
mutant962	0.8736392271704974	
mutant963	-0.04366602007996494	-0.0937668826812142
mutant964	-0.08059275394053601	-0.07180443353166698
mutant965	-1.421985872609688	-1.4275565462108506
mutant966	-0.8448571300348517	-0.7888744641473442
mutant967	-0.0047182995177144325	-0.06625471684493496
mutant968	0.7545584971795937	0.7684175960379529
mutant969	-0.17825524808446822	-0.2249559695979483
mutant97	-0.2548007142288905	-0.26398425437019846
mutant970	0.14168347543203513	
mutant971	-1.1414791208088986	-1.34019970882684
mutant972	-0.2245388805376072	-0.17805374666349966
mutant973	0.05791965004239017	0.09357005232026012
mutant974	-1.1660963285827122	-1.0842241594538493
mutant975	0.140864655904864	0.13465710244460133
mutant976	-0.4555398694377876	-0.3819845294599471
mutant977	-0.30296845733201117	-0.2517395992518256
mutant978	-0.9818454540627517	-0.9741178807499817
mutant979	-0.5500291273938984	-0.5022539893133371
mutant98	0.5611766495703252	0.5945169745014194
mutant980	-1.0155749909343252	-0.9556789509069762
mutant981	-0.19708256325745746	-0.21062516523034955
mutant982	-0.22775334182661033	-0.27351796426013797
mutant983	0.3036759156819534	0.3441660330725812
mutant984	0.5901073634454762	0.6743907017241184
mutant985	0.4018226946017854	0.4179106215505224
mutant986	-0.1361848665267767	-0.12568101480897315
mutant987	-1.150384213215867	-1.1618804958151456
mutant988	-1.3168036474453562	-1.3113738065232874
mutant989	0.72451889864382	0.8999999999999999
mutant99	0.39650609775593426	0.34993236183838305
mutant990	-1.2930888690727174	-1.361688419449952
mutant991	-1.0870887989384173	-0.9721829037025176
mutant992	0.5193740987101275	0.47502911513279134
mutant993	-0.7848149611729835	-0.6817295615653677
mutant994	0.8999999999999999	0.8999999999999999
mutant995	-0.4423728813559322	-0.42235702579350864
mutant996	-1.1870840913787681	-1.2495917276777084
mutant997	-1.3661620745240977	-1.294767247661213
mutant998	-0.29748682372875535	-0.32435425536314916
mutant999	-1.3399117742041367	-1.3600428322639229
